rougeL_f1,meteor,bleu4,bertscore_f1
0.4917150096558879,0.5571095614117461,0.2798750379576638,0.9306306074062983
