rougeL_f1,meteor,bleu4,bertscore_f1
0.4954071407692092,0.5400292031136028,0.2889250756357215,0.9292226999998092
