rougeL_f1,meteor,bleu4,bertscore_f1
0.4650082899879281,0.5033815598199505,0.2512020504297481,0.9288687696059544
