rougeL_f1,meteor,bleu4,bertscore_f1
0.5263007273859849,0.5739604570701471,0.3101034462062717,0.934154337644577
